tree_id,parameter,value,IoU,Dice,Precision,Recall,status
R01N01,depth_threshold,80.0,0.17428649647525837,0.2968381174413522,0.23579795360896338,0.4005190311418685,success
R01N01,depth_threshold,100.0,0.2114938080495356,0.34914550391311294,0.2639034205231388,0.5157282164202579,success
R01N01,depth_threshold,120.0,0.23198413541556004,0.37660247197470537,0.29629127091813656,0.5166403785488959,success
R01N01,depth_threshold,140.0,,,,,alignment_failed: Cannot align: V junction not found.
R01N01,depth_threshold,160.0,,,,,alignment_failed: Cannot align: V junction not found.
R01N01,colour_threshold,10.0,0.23338752286120706,0.3784496251750556,0.29030627290727556,0.5434542586750789,success
R01N01,colour_threshold,14.0,0.23266830330901422,0.3775035063113604,0.2929473225946887,0.5306782334384859,success
R01N01,colour_threshold,18.0,0.23198413541556004,0.37660247197470537,0.29629127091813656,0.5166403785488959,success
R01N01,colour_threshold,22.0,0.2519447004608295,0.4024853499808593,0.3206192821956369,0.5404935147105346,success
R01N01,colour_threshold,26.0,0.25237969825802326,0.4030402259140205,0.3249527684929516,0.530528313824739,success
R01N01,dilation_iterations,1.0,0.27873005150721947,0.43594823032223984,0.3741781908864203,0.5221448908573236,success
R01N01,dilation_iterations,3.0,0.24529621856474834,0.39395641761036043,0.31458657977994997,0.5268902246124644,success
R01N01,dilation_iterations,5.0,0.23198413541556004,0.37660247197470537,0.29629127091813656,0.5166403785488959,success
R01N01,dilation_iterations,7.0,0.24663443141893068,0.3956804420012836,0.3066476363479088,0.5575652720981441,success
R01N01,dilation_iterations,9.0,0.24142019852966087,0.3889419534426766,0.2978225435700255,0.5603963510537905,success
R01N01,ground_threshold,0.5,0.23198413541556004,0.37660247197470537,0.29629127091813656,0.5166403785488959,success
R01N01,ground_threshold,0.6,0.23198413541556004,0.37660247197470537,0.29629127091813656,0.5166403785488959,success
R01N01,ground_threshold,0.7,0.23198413541556004,0.37660247197470537,0.29629127091813656,0.5166403785488959,success
R01N01,ground_threshold,0.8,0.23198413541556004,0.37660247197470537,0.29629127091813656,0.5166403785488959,success
R01N01,ground_threshold,0.9,0.23198413541556004,0.37660247197470537,0.29629127091813656,0.5166403785488959,success
R01N02,depth_threshold,80.0,,,,,alignment_failed: Cannot align: V junction not found.
R01N02,depth_threshold,100.0,0.18587475524715744,0.3134812583280227,0.27494918699186993,0.3645735076135292,success
R01N02,depth_threshold,120.0,0.23839483081108656,0.3850061787724839,0.3249432160571084,0.47230831424336345,success
R01N02,depth_threshold,140.0,,,,,alignment_failed: Cannot align: V junction not found.
R01N02,depth_threshold,160.0,,,,,alignment_failed: Cannot align: V junction not found.
R01N02,colour_threshold,10.0,0.24421870917167493,0.39256556322683955,0.3215775665562772,0.5037730764047972,success
R01N02,colour_threshold,14.0,0.24132880633779374,0.3888233401265687,0.32293986636971045,0.4884786416924943,success
R01N02,colour_threshold,18.0,0.23839483081108656,0.3850061787724839,0.3249432160571084,0.47230831424336345,success
R01N02,colour_threshold,22.0,0.22357961388898448,0.3654516818539768,0.3136526021048566,0.4377442393208463,success
R01N02,colour_threshold,26.0,0.2082042786141324,0.34465078844606073,0.3090617481956696,0.38950276243093923,success
R01N02,dilation_iterations,1.0,0.2117210520571865,0.34945510222462395,0.3151567661233552,0.392130440641423,success
R01N02,dilation_iterations,3.0,0.2439955747475108,0.3922772390842848,0.3415767386091127,0.4606522032071149,success
R01N02,dilation_iterations,5.0,0.23839483081108656,0.3850061787724839,0.3249432160571084,0.47230831424336345,success
R01N02,dilation_iterations,7.0,0.24436880568625488,0.3927594529364441,0.3262205987170349,0.49339711629160493,success
R01N02,dilation_iterations,9.0,0.2345738995238558,0.3800078709169618,0.3111760409057706,0.4879396307775232,success
R01N02,ground_threshold,0.5,0.23909410280023194,0.38591758650114233,0.32624377530599896,0.47230831424336345,success
R01N02,ground_threshold,0.6,0.23853273444943515,0.38518599923072694,0.32519948042308405,0.47230831424336345,success
R01N02,ground_threshold,0.7,0.23839483081108656,0.3850061787724839,0.3249432160571084,0.47230831424336345,success
R01N02,ground_threshold,0.8,0.23839483081108656,0.3850061787724839,0.3249432160571084,0.47230831424336345,success
R01N02,ground_threshold,0.9,0.23839483081108656,0.3850061787724839,0.3249432160571084,0.47230831424336345,success
R01N03,depth_threshold,80.0,0.17459080280592362,0.2972793629727936,0.2510085163603765,0.36446469248291574,success
R01N03,depth_threshold,100.0,0.24942698100851343,0.39926619930551005,0.33421081496106175,0.4957696062479662,success
R01N03,depth_threshold,120.0,0.2554920486799642,0.40699907091978943,0.32858285828582856,0.5345753335502766,success
R01N03,depth_threshold,140.0,,,,,alignment_failed: Cannot align: V junction not found.
R01N03,depth_threshold,160.0,,,,,alignment_failed: Cannot align: V junction not found.
R01N03,colour_threshold,10.0,0.27481997855063584,0.4311510380674819,0.34181315802010387,0.5837129840546698,success
R01N03,colour_threshold,14.0,0.2668009451136848,0.42121999694236356,0.3374320286092196,0.5603644646924829,success
R01N03,colour_threshold,18.0,0.2554920486799642,0.40699907091978943,0.32858285828582856,0.5345753335502766,success
R01N03,colour_threshold,22.0,0.2575781685098258,0.40964160313794956,0.3351275813881269,0.5267653758542141,success
R01N03,colour_threshold,26.0,0.25565006075334146,0.4071995355138378,0.33735970069481563,0.513504718516108,success
R01N03,dilation_iterations,1.0,0.0676108429930991,0.12665821715251374,0.11861992561525679,0.13586513187709598,success
R01N03,dilation_iterations,3.0,0.06710520506820891,0.12577055148731953,0.11569493073527173,0.1377685126438865,success
R01N03,dilation_iterations,5.0,0.2554920486799642,0.40699907091978943,0.32858285828582856,0.5345753335502766,success
R01N03,dilation_iterations,7.0,0.24109059682267067,0.38851409790693653,0.3008841654014468,0.5481614057923853,success
R01N03,dilation_iterations,9.0,0.24103048759144527,0.3884360456917219,0.29728446228899535,0.5602017572404816,success
R01N03,ground_threshold,0.5,0.25816210269909246,0.4103797152135898,0.33301236570038517,0.5345753335502766,success
R01N03,ground_threshold,0.6,0.25609946215605267,0.4077694002296069,0.3295882028389427,0.5345753335502766,success
R01N03,ground_threshold,0.7,0.2554920486799642,0.40699907091978943,0.32858285828582856,0.5345753335502766,success
R01N03,ground_threshold,0.8,0.2545320731329408,0.4057800969524809,0.32699676536451855,0.5345753335502766,success
R01N03,ground_threshold,0.9,0.08024271722436237,0.14856423643483124,0.09762597641292695,0.3106540598498879,success
R01N04,depth_threshold,80.0,0.05186219739292365,0.09861025050898468,0.06491992820345463,0.20499043132636538,success
R01N04,depth_threshold,100.0,0.05387707087540437,0.10224545606756832,0.06557846506300115,0.23191830534222296,success
R01N04,depth_threshold,120.0,,,,,alignment_failed: Cannot align: V junction not found.
R01N04,depth_threshold,140.0,,,,,alignment_failed: Cannot align: V junction not found.
R01N04,depth_threshold,160.0,,,,,alignment_failed: Cannot align: V junction not found.
R01N04,colour_threshold,10.0,0.03878441907320349,0.07467270082430903,0.046952173824671234,0.18230605319232893,success
R01N04,colour_threshold,14.0,0.03829918137849709,0.07377292030154393,0.046606908886716716,0.17686054770736326,success
R01N04,colour_threshold,18.0,,,,,alignment_failed: Cannot align: V junction not found.
R01N04,colour_threshold,22.0,,,,,alignment_failed: Cannot align: V junction not found.
R01N04,colour_threshold,26.0,,,,,alignment_failed: Cannot align: V junction not found.
R01N04,dilation_iterations,1.0,0.05691550750167041,0.10770114942528736,0.08833789007259357,0.13793611070219344,success
R01N04,dilation_iterations,3.0,,,,,alignment_failed: Cannot align: V junction not found.
R01N04,dilation_iterations,5.0,,,,,alignment_failed: Cannot align: V junction not found.
R01N04,dilation_iterations,7.0,0.052400533451878194,0.09958287132372354,0.0776387287996048,0.13881937288385102,success
R01N04,dilation_iterations,9.0,0.05165000684650144,0.09822660868206558,0.07600241789240379,0.13881937288385102,success
R01N04,ground_threshold,0.5,,,,,alignment_failed: Cannot align: V junction not found.
R01N04,ground_threshold,0.6,,,,,alignment_failed: Cannot align: V junction not found.
R01N04,ground_threshold,0.7,,,,,alignment_failed: Cannot align: V junction not found.
R01N04,ground_threshold,0.8,,,,,alignment_failed: Cannot align: V junction not found.
R01N04,ground_threshold,0.9,,,,,alignment_failed: Cannot align: V junction not found.
R01N05,depth_threshold,80.0,0.05233068886756497,0.099456738116949,0.057727286280824165,0.3588840485679859,success
R01N05,depth_threshold,100.0,0.03605766330900537,0.06960551441479204,0.04113114077335902,0.22619948539427878,success
R01N05,depth_threshold,120.0,0.0794108614082175,0.1471374140234549,0.0836356988158524,0.61120246659815,success
R01N05,depth_threshold,140.0,,,,,alignment_failed: Cannot align: V junction not found.
R01N05,depth_threshold,160.0,,,,,alignment_failed: Cannot align: V junction not found.
R01N05,colour_threshold,10.0,0.07731231639295466,0.1435281398282179,0.08126232741617356,0.6139773895169579,success
R01N05,colour_threshold,14.0,0.07877432930036822,0.14604413019626966,0.08284923928077455,0.6156217882836588,success
R01N05,colour_threshold,18.0,0.0794108614082175,0.1471374140234549,0.0836356988158524,0.61120246659815,success
R01N05,colour_threshold,22.0,0.07851016045674702,0.1455900247124202,0.08291539857402089,0.5964028776978417,success
R01N05,colour_threshold,26.0,0.07654243142845393,0.14220049148808842,0.08115453369569957,0.5738951695786229,success
R01N05,dilation_iterations,1.0,0.07915360501567398,0.1466957153231663,0.08393933097859962,0.581294964028777,success
R01N05,dilation_iterations,3.0,0.07866899315684724,0.14586308433064996,0.08315681782158245,0.5931140801644399,success
R01N05,dilation_iterations,5.0,0.0794108614082175,0.1471374140234549,0.0836356988158524,0.61120246659815,success
R01N05,dilation_iterations,7.0,0.07916230366492147,0.14671065398796818,0.08317060425204213,0.6215827338129496,success
R01N05,dilation_iterations,9.0,0.07915047981682061,0.1466903481899131,0.08296813689135799,0.6323741007194245,success
R01N05,ground_threshold,0.5,0.0794108614082175,0.1471374140234549,0.0836356988158524,0.61120246659815,success
R01N05,ground_threshold,0.6,0.0794108614082175,0.1471374140234549,0.0836356988158524,0.61120246659815,success
R01N05,ground_threshold,0.7,0.0794108614082175,0.1471374140234549,0.0836356988158524,0.61120246659815,success
R01N05,ground_threshold,0.8,0.0794108614082175,0.1471374140234549,0.0836356988158524,0.61120246659815,success
R01N05,ground_threshold,0.9,0.0794108614082175,0.1471374140234549,0.0836356988158524,0.61120246659815,success
R01N06,depth_threshold,80.0,0.11272688674238404,0.20261375560431175,0.18654487967679606,0.22171189979123174,success
R01N06,depth_threshold,100.0,0.17414021164021165,0.2966259223793162,0.24914837244511734,0.36645789839944326,success
R01N06,depth_threshold,120.0,0.12735181779601076,0.22593092198136588,0.20568915291026446,0.25059151009046626,success
R01N06,depth_threshold,140.0,,,,,alignment_failed: Cannot align: V junction not found.
R01N06,depth_threshold,160.0,,,,,alignment_failed: Cannot align: V junction not found.
R01N06,colour_threshold,10.0,0.13244459833795014,0.23390918819752332,0.2086173984183256,0.2661795407098121,success
R01N06,colour_threshold,14.0,0.13143617207462635,0.23233510704120777,0.2091455942965356,0.26130828114126653,success
R01N06,colour_threshold,18.0,0.12735181779601076,0.22593092198136588,0.20568915291026446,0.25059151009046626,success
R01N06,colour_threshold,22.0,0.12380884144157053,0.22033790245457444,0.20329411764705882,0.2405010438413361,success
R01N06,colour_threshold,26.0,0.10034725951383668,0.18239198334200937,0.17126970548698522,0.19505915100904664,success
R01N06,dilation_iterations,1.0,0.1223478967989946,0.2180213410617837,0.2069526072277104,0.2303409881697982,success
R01N06,dilation_iterations,3.0,0.12607377463365335,0.22391743325106575,0.20755838136550003,0.24307585247042449,success
R01N06,dilation_iterations,5.0,0.12735181779601076,0.22593092198136588,0.20568915291026446,0.25059151009046626,success
R01N06,dilation_iterations,7.0,0.12800917080626673,0.2269647696476965,0.2035686664456966,0.25643702157272097,success
R01N06,dilation_iterations,9.0,0.1281001603384164,0.22710777791218095,0.20082361749919778,0.26130828114126653,success
R01N06,ground_threshold,0.5,0.12735181779601076,0.22593092198136588,0.20568915291026446,0.25059151009046626,success
R01N06,ground_threshold,0.6,0.12735181779601076,0.22593092198136588,0.20568915291026446,0.25059151009046626,success
R01N06,ground_threshold,0.7,0.12735181779601076,0.22593092198136588,0.20568915291026446,0.25059151009046626,success
R01N06,ground_threshold,0.8,0.12735181779601076,0.22593092198136588,0.20568915291026446,0.25059151009046626,success
R01N06,ground_threshold,0.9,0.12735181779601076,0.22593092198136588,0.20568915291026446,0.25059151009046626,success
R01N07,depth_threshold,80.0,0.2333456584704505,0.3783945836560322,0.28199590392850493,0.57493167324628,success
R01N07,depth_threshold,100.0,0.24788024092158353,0.39728209934395503,0.2873119154127694,0.6436380200425145,success
R01N07,depth_threshold,120.0,0.24547218628719275,0.3941833290054531,0.29955008287946955,0.5762222897054358,success
R01N07,depth_threshold,140.0,,,,,alignment_failed: Cannot align: V junction not found.
R01N07,depth_threshold,160.0,,,,,alignment_failed: Cannot align: V junction not found.
R01N07,colour_threshold,10.0,0.2401518002760005,0.3872942009559697,0.29037885395729834,0.5813088369268145,success
R01N07,colour_threshold,14.0,0.24445010669809217,0.39286445536445536,0.29633204633204635,0.5826753720012147,success
R01N07,colour_threshold,18.0,0.24547218628719275,0.3941833290054531,0.29955008287946955,0.5762222897054358,success
R01N07,colour_threshold,22.0,0.24763605104807246,0.3969684121263515,0.304917765836183,0.56863042818099,success
R01N07,colour_threshold,26.0,0.2498221845893311,0.3997723638925774,0.3108432719457204,0.5599757060431217,success
R01N07,dilation_iterations,1.0,0.25289481026785715,0.40369679592461655,0.3187112654388818,0.5504858791375645,success
R01N07,dilation_iterations,3.0,0.24922284988468096,0.399004629010248,0.30808644270897895,0.5660491952626784,success
R01N07,dilation_iterations,5.0,0.24547218628719275,0.3941833290054531,0.29955008287946955,0.5762222897054358,success
R01N07,dilation_iterations,7.0,0.2268016957136128,0.3697446726818967,0.27031578947368423,0.584877011843304,success
R01N07,dilation_iterations,9.0,0.22258027719158158,0.36411560262181897,0.2628034613960066,0.5925447919829943,success
R01N07,ground_threshold,0.5,0.24547218628719275,0.3941833290054531,0.29955008287946955,0.5762222897054358,success
R01N07,ground_threshold,0.6,0.24547218628719275,0.3941833290054531,0.29955008287946955,0.5762222897054358,success
R01N07,ground_threshold,0.7,0.24547218628719275,0.3941833290054531,0.29955008287946955,0.5762222897054358,success
R01N07,ground_threshold,0.8,0.24547218628719275,0.3941833290054531,0.29955008287946955,0.5762222897054358,success
R01N07,ground_threshold,0.9,0.24547218628719275,0.3941833290054531,0.29955008287946955,0.5762222897054358,success
R01N08,depth_threshold,80.0,0.01579744084046008,0.031103525575708172,0.017837316659849237,0.12137176938369781,success
R01N08,depth_threshold,100.0,0.031513345075193065,0.061101187348954505,0.034246171967020025,0.28310613437195714,success
R01N08,depth_threshold,120.0,0.047422349369453526,0.0905505776117947,0.051675600019086096,0.36554905490549056,success
R01N08,depth_threshold,140.0,,,,,alignment_failed: Cannot align: V junction not found.
R01N08,depth_threshold,160.0,,,,,alignment_failed: Cannot align: V junction not found.
R01N08,colour_threshold,10.0,0.04888359292989474,0.09321071138761158,0.052938826927212954,0.3895546009495817,success
R01N08,colour_threshold,14.0,0.04666360267716083,0.0891663807890223,0.050775938862581464,0.36554905490549056,success
R01N08,colour_threshold,18.0,0.047422349369453526,0.0905505776117947,0.051675600019086096,0.36554905490549056,success
R01N08,colour_threshold,22.0,0.050012659547532874,0.09526106012680671,0.054464358121806826,0.3796066018539453,success
R01N08,colour_threshold,26.0,0.05253286139976706,0.09982179811450909,0.0572601520122665,0.3888702272981749,success
R01N08,dilation_iterations,1.0,0.053993495884357444,0.10245508363228369,0.05909199277953748,0.38491403216860787,success
R01N08,dilation_iterations,3.0,0.05085477722182511,0.09678745022460923,0.05540593159841651,0.38237599372970554,success
R01N08,dilation_iterations,5.0,0.047422349369453526,0.0905505776117947,0.051675600019086096,0.36554905490549056,success
R01N08,dilation_iterations,7.0,0.046294969184463235,0.0884931506849315,0.050281764687568106,0.3686372974206802,success
R01N08,dilation_iterations,9.0,0.04382990195382891,0.0839790120436071,0.047268553940321346,0.3759737098344693,success
R01N08,ground_threshold,0.5,0.06095684803001876,0.11490919379653045,0.0681689431610751,0.36554905490549056,success
R01N08,ground_threshold,0.6,0.047422349369453526,0.0905505776117947,0.051675600019086096,0.36554905490549056,success
R01N08,ground_threshold,0.7,0.047422349369453526,0.0905505776117947,0.051675600019086096,0.36554905490549056,success
R01N08,ground_threshold,0.8,0.047422349369453526,0.0905505776117947,0.051675600019086096,0.36554905490549056,success
R01N08,ground_threshold,0.9,0.047422349369453526,0.0905505776117947,0.051675600019086096,0.36554905490549056,success
R01N09,depth_threshold,80.0,0.06436482530770153,0.1209450439873265,0.07151007987828072,0.3917891007606544,success
R01N09,depth_threshold,100.0,0.05808404909994405,0.10979099278427469,0.06333769938815424,0.41185392602963483,success
R01N09,depth_threshold,120.0,0.16389153187440533,0.281626813815655,0.2285240464344942,0.36687965921192756,success
R01N09,depth_threshold,140.0,,,,,alignment_failed: Cannot align: V junction not found.
R01N09,depth_threshold,160.0,,,,,alignment_failed: Cannot align: V junction not found.
R01N09,colour_threshold,10.0,0.1626442812172088,0.27978339350180503,0.22442084942084942,0.37140575079872207,success
R01N09,colour_threshold,14.0,0.16283930989813342,0.28007190419525535,0.22600416785845626,0.36814430244941426,success
R01N09,colour_threshold,18.0,0.16389153187440533,0.281626813815655,0.2285240464344942,0.36687965921192756,success
R01N09,colour_threshold,22.0,0.1648068154547636,0.2829770795776462,0.23078215575905234,0.36568157614483493,success
R01N09,colour_threshold,26.0,0.16457486832204665,0.2826351019564262,0.23101947695297648,0.36395101171459,success
R01N09,dilation_iterations,1.0,0.16563951546798628,0.284203672353171,0.23345171366223097,0.36315228966986157,success
R01N09,dilation_iterations,3.0,0.16462499249384496,0.28270901544252236,0.23071744161582158,0.36494941427050054,success
R01N09,dilation_iterations,5.0,0.16389153187440533,0.281626813815655,0.2285240464344942,0.36687965921192756,success
R01N09,dilation_iterations,7.0,0.16318287685368082,0.2805799158513712,0.22656569791240277,0.3684105431309904,success
R01N09,dilation_iterations,9.0,0.16261042532030656,0.27973329978613665,0.22486954411229318,0.3700079872204473,success
R01N09,ground_threshold,0.5,0.16389153187440533,0.281626813815655,0.2285240464344942,0.36687965921192756,success
R01N09,ground_threshold,0.6,0.16389153187440533,0.281626813815655,0.2285240464344942,0.36687965921192756,success
R01N09,ground_threshold,0.7,0.16389153187440533,0.281626813815655,0.2285240464344942,0.36687965921192756,success
R01N09,ground_threshold,0.8,0.16389153187440533,0.281626813815655,0.2285240464344942,0.36687965921192756,success
R01N09,ground_threshold,0.9,0.16389153187440533,0.281626813815655,0.2285240464344942,0.36687965921192756,success
R01N10,depth_threshold,80.0,,,,,alignment_failed: Cannot align: V junction not found.
R01N10,depth_threshold,100.0,,,,,alignment_failed: Cannot align: V junction not found.
R01N10,depth_threshold,120.0,,,,,alignment_failed: Cannot align: V junction not found.
R01N10,depth_threshold,140.0,,,,,alignment_failed: Cannot align: V junction not found.
R01N10,depth_threshold,160.0,,,,,alignment_failed: Cannot align: V junction not found.
R01N10,colour_threshold,10.0,,,,,alignment_failed: Cannot align: V junction not found.
R01N10,colour_threshold,14.0,,,,,alignment_failed: Cannot align: V junction not found.
R01N10,colour_threshold,18.0,,,,,alignment_failed: Cannot align: V junction not found.
R01N10,colour_threshold,22.0,,,,,alignment_failed: Cannot align: V junction not found.
R01N10,colour_threshold,26.0,,,,,alignment_failed: Cannot align: V junction not found.
R01N10,dilation_iterations,1.0,,,,,alignment_failed: Cannot align: V junction not found.
R01N10,dilation_iterations,3.0,,,,,alignment_failed: Cannot align: V junction not found.
R01N10,dilation_iterations,5.0,,,,,alignment_failed: Cannot align: V junction not found.
R01N10,dilation_iterations,7.0,,,,,alignment_failed: Cannot align: V junction not found.
R01N10,dilation_iterations,9.0,,,,,alignment_failed: Cannot align: V junction not found.
R01N10,ground_threshold,0.5,,,,,alignment_failed: Cannot align: V junction not found.
R01N10,ground_threshold,0.6,,,,,alignment_failed: Cannot align: V junction not found.
R01N10,ground_threshold,0.7,,,,,alignment_failed: Cannot align: V junction not found.
R01N10,ground_threshold,0.8,,,,,alignment_failed: Cannot align: V junction not found.
R01N10,ground_threshold,0.9,,,,,alignment_failed: Cannot align: V junction not found.
R01N11,depth_threshold,80.0,0.10128989581610716,0.18394774382461146,0.14062141271906328,0.2658612457498372,success
R01N11,depth_threshold,100.0,0.2197962957851445,0.3603819695872556,0.2622081728077974,0.5760688707227085,success
R01N11,depth_threshold,120.0,0.2002178021203677,0.33363578138343297,0.26432407289948834,0.4522173189611517,success
R01N11,depth_threshold,140.0,,,,,alignment_failed: Cannot align: V junction not found.
R01N11,depth_threshold,160.0,,,,,alignment_failed: Cannot align: V junction not found.
R01N11,colour_threshold,10.0,0.20748965817548443,0.3436711143166246,0.26685067402696105,0.48260146133256165,success
R01N11,colour_threshold,14.0,0.2040854867646596,0.33898836753365574,0.26538965291421085,0.469073283657672,success
R01N11,colour_threshold,18.0,0.2002178021203677,0.33363578138343297,0.26432407289948834,0.4522173189611517,success
R01N11,colour_threshold,22.0,0.2070143176146066,0.3430188268582,0.2748877163912266,0.4560515083556392,success
R01N11,colour_threshold,26.0,0.20495723041691924,0.3401900503074343,0.2771781208726147,0.44028069160095495,success
R01N11,dilation_iterations,1.0,0.20349035380734884,0.33816698765152375,0.2778682801954852,0.431888880850756,success
R01N11,dilation_iterations,3.0,0.20221697494424767,0.3364067870587593,0.27002408583315085,0.4460681472907473,success
R01N11,dilation_iterations,5.0,0.2002178021203677,0.33363578138343297,0.26432407289948834,0.4522173189611517,success
R01N11,dilation_iterations,7.0,0.1985005803193325,0.33124820059151466,0.25951443569553806,0.45778774506257686,success
R01N11,dilation_iterations,9.0,0.19661058577919685,0.3286124794745484,0.2546018367590347,0.4632858279678796,success
R01N11,ground_threshold,0.5,0.2002178021203677,0.33363578138343297,0.26432407289948834,0.4522173189611517,success
R01N11,ground_threshold,0.6,0.2002178021203677,0.33363578138343297,0.26432407289948834,0.4522173189611517,success
R01N11,ground_threshold,0.7,0.2002178021203677,0.33363578138343297,0.26432407289948834,0.4522173189611517,success
R01N11,ground_threshold,0.8,0.2002178021203677,0.33363578138343297,0.26432407289948834,0.4522173189611517,success
R01N11,ground_threshold,0.9,0.2002178021203677,0.33363578138343297,0.26432407289948834,0.4522173189611517,success
R01N12,depth_threshold,80.0,0.12211996465288703,0.21765937421969536,0.1595831573017885,0.3421910858799372,success
R01N12,depth_threshold,100.0,0.18513018714401952,0.31242168860815983,0.2174411659299964,0.5547360721687188,success
R01N12,depth_threshold,120.0,0.1267805615352906,0.22503150278443965,0.16840568247497947,0.33902872190581174,success
R01N12,depth_threshold,140.0,,,,,alignment_failed: Cannot align: V junction not found.
R01N12,depth_threshold,160.0,,,,,alignment_failed: Cannot align: V junction not found.
R01N12,colour_threshold,10.0,0.13207087486157254,0.23332615968540293,0.1718097213818538,0.3634645861270267,success
R01N12,colour_threshold,14.0,0.13083271492500392,0.23139181100483228,0.17171866237714353,0.35462635621114225,success
R01N12,colour_threshold,18.0,0.1267805615352906,0.22503150278443965,0.16840568247497947,0.33902872190581174,success
R01N12,colour_threshold,22.0,0.11495848079013717,0.20621123166607888,0.15472743687930016,0.3090411640343241,success
R01N12,colour_threshold,26.0,0.10765157904601255,0.19437805368133843,0.1468942808733736,0.2872234029253657,success
R01N12,dilation_iterations,1.0,0.11245192307692307,0.2021694973853667,0.15492118161345875,0.2908842183807984,success
R01N12,dilation_iterations,3.0,0.12090331951179516,0.2157247951847517,0.16332278481012658,0.3176390940423437,success
R01N12,dilation_iterations,5.0,0.1267805615352906,0.22503150278443965,0.16840568247497947,0.33902872190581174,success
R01N12,dilation_iterations,7.0,0.1398324072414411,0.2453560827944096,0.18066813339509033,0.38220344172943843,success
R01N12,dilation_iterations,9.0,0.14146856376311218,0.24787115169729895,0.18081906849931134,0.39396166329842613,success
R01N12,ground_threshold,0.5,0.1267805615352906,0.22503150278443965,0.16840568247497947,0.33902872190581174,success
R01N12,ground_threshold,0.6,0.1267805615352906,0.22503150278443965,0.16840568247497947,0.33902872190581174,success
R01N12,ground_threshold,0.7,0.1267805615352906,0.22503150278443965,0.16840568247497947,0.33902872190581174,success
R01N12,ground_threshold,0.8,0.1267805615352906,0.22503150278443965,0.16840568247497947,0.33902872190581174,success
R01N12,ground_threshold,0.9,0.1267805615352906,0.22503150278443965,0.16840568247497947,0.33902872190581174,success
R01N13,depth_threshold,80.0,0.06839648849872208,0.12803577929169482,0.08400054590119188,0.26911025286016177,success
R01N13,depth_threshold,100.0,0.046195030027650096,0.08831055147801495,0.054722216427096154,0.22866358643535872,success
R01N13,depth_threshold,120.0,0.12447454969180842,0.2213914929883009,0.15489903781000136,0.3879047037263286,success
R01N13,depth_threshold,140.0,,,,,alignment_failed: Cannot align: V junction not found.
R01N13,depth_threshold,160.0,,,,,alignment_failed: Cannot align: V junction not found.
R01N13,colour_threshold,10.0,0.12747448600708663,0.22612393910310694,0.15643389053793677,0.4077920314939252,success
R01N13,colour_threshold,14.0,0.12515036947929198,0.22245981137118637,0.15476158852437244,0.3954388108328243,success
R01N13,colour_threshold,18.0,0.12447454969180842,0.2213914929883009,0.15489903781000136,0.3879047037263286,success
R01N13,colour_threshold,22.0,0.1175864186699421,0.2104292190842541,0.14801214798453893,0.3638770107920994,success
R01N13,colour_threshold,26.0,0.11740621887794622,0.21014062190532778,0.1483625583801773,0.3600760198194529,success
R01N13,dilation_iterations,1.0,0.10755813953488372,0.1942257217847769,0.1373491942968025,0.3315007126858074,success
R01N13,dilation_iterations,3.0,0.12069799129708585,0.215397889947837,0.15145748876203083,0.37276861467454014,success
R01N13,dilation_iterations,5.0,0.12447454969180842,0.2213914929883009,0.15489903781000136,0.3879047037263286,success
R01N13,dilation_iterations,7.0,0.12751561790709237,0.22618865030674848,0.1576134875891736,0.4003936740650241,success
R01N13,dilation_iterations,9.0,0.12807122677852922,0.227062305532367,0.157577353522054,0.406163035362791,success
R01N13,ground_threshold,0.5,0.12447454969180842,0.2213914929883009,0.15489903781000136,0.3879047037263286,success
R01N13,ground_threshold,0.6,0.12447454969180842,0.2213914929883009,0.15489903781000136,0.3879047037263286,success
R01N13,ground_threshold,0.7,0.12447454969180842,0.2213914929883009,0.15489903781000136,0.3879047037263286,success
R01N13,ground_threshold,0.8,0.12447454969180842,0.2213914929883009,0.15489903781000136,0.3879047037263286,success
R01N13,ground_threshold,0.9,0.12447454969180842,0.2213914929883009,0.15489903781000136,0.3879047037263286,success
R01N14,depth_threshold,80.0,0.11939107890713288,0.21331432982956233,0.1708198592353053,0.2839525691699605,success
R01N14,depth_threshold,100.0,0.11852047381792985,0.2119236555650609,0.169043249094075,0.2839525691699605,success
R01N14,depth_threshold,120.0,0.1233304721030043,0.21958003484427055,0.17900034883141477,0.2839525691699605,success
R01N14,depth_threshold,140.0,,,,,alignment_failed: Cannot align: V junction not found.
R01N14,depth_threshold,160.0,,,,,alignment_failed: Cannot align: V junction not found.
R01N14,colour_threshold,10.0,0.1197672863447907,0.21391460137354434,0.17188099808061422,0.2831620553359684,success
R01N14,colour_threshold,14.0,0.11972995780590717,0.213855058483058,0.17283890459019588,0.28039525691699607,success
R01N14,colour_threshold,18.0,0.1233304721030043,0.21958003484427055,0.17900034883141477,0.2839525691699605,success
R01N14,colour_threshold,22.0,0.12323098856010292,0.2194223446738693,0.1803287029969979,0.2801581027667984,success
R01N14,colour_threshold,26.0,0.12015123932222378,0.2145268158519815,0.17740101312932907,0.271304347826087,success
R01N14,dilation_iterations,1.0,0.12368616625968787,0.22014361300075586,0.18296513454088578,0.27628458498023717,success
R01N14,dilation_iterations,3.0,0.12331768388106416,0.21955976595151852,0.18044883212050278,0.2803162055335968,success
R01N14,dilation_iterations,5.0,0.1233304721030043,0.21958003484427055,0.17900034883141477,0.2839525691699605,success
R01N14,dilation_iterations,7.0,0.12346893767176738,0.21979946847064508,0.1778418531912814,0.28766798418972334,success
R01N14,dilation_iterations,9.0,0.12372068051407671,0.22019827998088867,0.17693636625395912,0.2914624505928854,success
R01N14,ground_threshold,0.5,0.1233304721030043,0.21958003484427055,0.17900034883141477,0.2839525691699605,success
R01N14,ground_threshold,0.6,0.1233304721030043,0.21958003484427055,0.17900034883141477,0.2839525691699605,success
R01N14,ground_threshold,0.7,0.1233304721030043,0.21958003484427055,0.17900034883141477,0.2839525691699605,success
R01N14,ground_threshold,0.8,0.1233304721030043,0.21958003484427055,0.17900034883141477,0.2839525691699605,success
R01N14,ground_threshold,0.9,0.1233304721030043,0.21958003484427055,0.17900034883141477,0.2839525691699605,success
R01N15,depth_threshold,80.0,0.15880641977873577,0.2740861925998969,0.21152582240824658,0.3891929735234216,success
R01N15,depth_threshold,100.0,0.16468128661338444,0.2827920195957443,0.19834754098360655,0.4924459494660068,success
R01N15,depth_threshold,120.0,0.2169416715851061,0.3565358581279126,0.263635513144354,0.5505339932274029,success
R01N15,depth_threshold,140.0,,,,,alignment_failed: Cannot align: V junction not found.
R01N15,depth_threshold,160.0,,,,,alignment_failed: Cannot align: V junction not found.
R01N15,colour_threshold,10.0,0.2149119539030872,0.3537901709052253,0.25783671036948747,0.5634930971607189,success
R01N15,colour_threshold,14.0,0.21540749703798936,0.3544613597710209,0.26005843325826283,0.5564600156290701,success
R01N15,colour_threshold,18.0,0.2169416715851061,0.3565358581279126,0.263635513144354,0.5505339932274029,success
R01N15,colour_threshold,22.0,0.21803566285250453,0.3580119523625263,0.26721648161222,0.5422636103151862,success
R01N15,colour_threshold,26.0,0.22010412494993992,0.3607956410424736,0.271693636093992,0.5368585569158635,success
R01N15,dilation_iterations,1.0,0.22423794669731298,0.36633065867995795,0.2788837842436617,0.5336676217765043,success
R01N15,dilation_iterations,3.0,0.2200865983736403,0.36077209382844283,0.2701581540057039,0.5428497004428237,success
R01N15,dilation_iterations,5.0,0.2169416715851061,0.3565358581279126,0.263635513144354,0.5505339932274029,success
R01N15,dilation_iterations,7.0,0.21281058808840056,0.35093787963020157,0.25660172834301886,0.55496222974733,success
R01N15,dilation_iterations,9.0,0.20778526100804784,0.34407649723200806,0.24901657973717184,0.5565251367543631,success
R01N15,ground_threshold,0.5,0.2169416715851061,0.3565358581279126,0.263635513144354,0.5505339932274029,success
R01N15,ground_threshold,0.6,0.2169416715851061,0.3565358581279126,0.263635513144354,0.5505339932274029,success
R01N15,ground_threshold,0.7,0.2169416715851061,0.3565358581279126,0.263635513144354,0.5505339932274029,success
R01N15,ground_threshold,0.8,0.2169416715851061,0.3565358581279126,0.263635513144354,0.5505339932274029,success
R01N15,ground_threshold,0.9,0.2169416715851061,0.3565358581279126,0.263635513144354,0.5505339932274029,success
R01N16,depth_threshold,80.0,0.03302203786527009,0.06393288169051999,0.042401880560597495,0.12988788624555647,success
R01N16,depth_threshold,100.0,0.040915395284327326,0.07861425716189208,0.04867986798679868,0.2041522491349481,success
R01N16,depth_threshold,120.0,0.27552555306893645,0.43201886846722465,0.35288036838642983,0.5569150908416759,success
R01N16,depth_threshold,140.0,,,,,alignment_failed: Cannot align: V junction not found.
R01N16,depth_threshold,160.0,,,,,alignment_failed: Cannot align: V junction not found.
R01N16,colour_threshold,10.0,0.2893771601890386,0.4488634809486036,0.3555950420386582,0.6084538375973304,success
R01N16,colour_threshold,14.0,0.2714183891660727,0.4269536943603543,0.34320219908972105,0.5647756766777902,success
R01N16,colour_threshold,18.0,0.27552555306893645,0.43201886846722465,0.35288036838642983,0.5569150908416759,success
R01N16,colour_threshold,22.0,0.28018412315122243,0.4377247273798998,0.3632183908045977,0.5506859473489062,success
R01N16,colour_threshold,26.0,0.28087895142636854,0.43857220249202433,0.36907958056836027,0.5403040415276232,success
R01N16,dilation_iterations,1.0,0.26911492122335495,0.42409858512094933,0.35959752321981425,0.5167964404894327,success
R01N16,dilation_iterations,3.0,0.2736178358292985,0.42967023251701886,0.35651408450704225,0.5406006674082313,success
R01N16,dilation_iterations,5.0,0.27552555306893645,0.43201886846722465,0.35288036838642983,0.5569150908416759,success
R01N16,dilation_iterations,7.0,0.2763441633122484,0.43302452622983134,0.3490557472307972,0.5701890989988877,success
R01N16,dilation_iterations,9.0,0.27366874256525087,0.42973299637402484,0.3412888869496924,0.5800519095291065,success
R01N16,ground_threshold,0.5,0.27552555306893645,0.43201886846722465,0.35288036838642983,0.5569150908416759,success
R01N16,ground_threshold,0.6,0.27552555306893645,0.43201886846722465,0.35288036838642983,0.5569150908416759,success
R01N16,ground_threshold,0.7,0.27552555306893645,0.43201886846722465,0.35288036838642983,0.5569150908416759,success
R01N16,ground_threshold,0.8,0.27552555306893645,0.43201886846722465,0.35288036838642983,0.5569150908416759,success
R01N16,ground_threshold,0.9,0.27552555306893645,0.43201886846722465,0.35288036838642983,0.5569150908416759,success
R01N17,depth_threshold,80.0,0.22956372276426873,0.37340679220458844,0.2711287577992059,0.5995906780220506,success
R01N17,depth_threshold,100.0,0.29884962343788796,0.4601758633872818,0.3392202912165336,0.7151911269558329,success
R01N17,depth_threshold,120.0,,,,,alignment_failed: Cannot align: V junction not found.
R01N17,depth_threshold,140.0,,,,,alignment_failed: Cannot align: V junction not found.
R01N17,depth_threshold,160.0,,,,,alignment_failed: Cannot align: V junction not found.
R01N17,colour_threshold,10.0,,,,,alignment_failed: Cannot align: V junction not found.
R01N17,colour_threshold,14.0,,,,,alignment_failed: Cannot align: V junction not found.
R01N17,colour_threshold,18.0,,,,,alignment_failed: Cannot align: V junction not found.
R01N17,colour_threshold,22.0,,,,,alignment_failed: Cannot align: V junction not found.
R01N17,colour_threshold,26.0,,,,,alignment_failed: Cannot align: V junction not found.
R01N17,dilation_iterations,1.0,,,,,alignment_failed: Cannot align: V junction not found.
R01N17,dilation_iterations,3.0,,,,,alignment_failed: Cannot align: V junction not found.
R01N17,dilation_iterations,5.0,,,,,alignment_failed: Cannot align: V junction not found.
R01N17,dilation_iterations,7.0,,,,,alignment_failed: Cannot align: V junction not found.
R01N17,dilation_iterations,9.0,,,,,alignment_failed: Cannot align: V junction not found.
R01N17,ground_threshold,0.5,,,,,alignment_failed: Cannot align: V junction not found.
R01N17,ground_threshold,0.6,,,,,alignment_failed: Cannot align: V junction not found.
R01N17,ground_threshold,0.7,,,,,alignment_failed: Cannot align: V junction not found.
R01N17,ground_threshold,0.8,,,,,alignment_failed: Cannot align: V junction not found.
R01N17,ground_threshold,0.9,,,,,alignment_failed: Cannot align: V junction not found.
R01N18,depth_threshold,80.0,0.05728406155228575,0.10836077764793371,0.062021914409758114,0.42853541719183263,success
R01N18,depth_threshold,100.0,0.027600420269942617,0.05371819576074561,0.02983216676312255,0.26950774390845417,success
R01N18,depth_threshold,120.0,0.038977635782747606,0.07503075030750307,0.04901745927386953,0.15987610197760305,success
R01N18,depth_threshold,140.0,,,,,alignment_failed: Cannot align: V junction not found.
R01N18,depth_threshold,160.0,,,,,alignment_failed: Cannot align: V junction not found.
R01N18,colour_threshold,10.0,0.03818566586137798,0.07356230608268995,0.04759015054265375,0.16194106901755223,success
R01N18,colour_threshold,14.0,0.03847178355340766,0.07409307438622206,0.04815546928957584,0.1605908982606624,success
R01N18,colour_threshold,18.0,0.038977635782747606,0.07503075030750307,0.04901745927386953,0.15987610197760305,success
R01N18,colour_threshold,22.0,0.03908750024540118,0.07523428053204353,0.049359149168257434,0.15812882217456914,success
R01N18,colour_threshold,26.0,0.03912515671953671,0.07530403140859906,0.04961639410458308,0.15614327694384877,success
R01N18,dilation_iterations,1.0,0.03930157326850047,0.07563073948767521,0.04998211274083917,0.15534905885156064,success
R01N18,dilation_iterations,3.0,0.03897767355705756,0.07503082029397819,0.04928489559974087,0.15709633865459455,success
R01N18,dilation_iterations,5.0,0.038977635782747606,0.07503075030750307,0.04901745927386953,0.15987610197760305,success
R01N18,dilation_iterations,7.0,0.03912431527693244,0.07530247286438599,0.048927263212977495,0.1633706615836709,success
R01N18,dilation_iterations,9.0,0.039088495906082925,0.07523612485382747,0.048634693213006466,0.16607100309745057,success
R01N18,ground_threshold,0.5,,,,,alignment_failed: Cannot align: V junction not found.
R01N18,ground_threshold,0.6,0.038977635782747606,0.07503075030750307,0.04901745927386953,0.15987610197760305,success
R01N18,ground_threshold,0.7,0.038977635782747606,0.07503075030750307,0.04901745927386953,0.15987610197760305,success
R01N18,ground_threshold,0.8,0.038977635782747606,0.07503075030750307,0.04901745927386953,0.15987610197760305,success
R01N18,ground_threshold,0.9,0.038977635782747606,0.07503075030750307,0.04901745927386953,0.15987610197760305,success
R01N19,depth_threshold,80.0,0.21045439016057396,0.34772791419700816,0.2579859128117266,0.5332074283915643,success
R01N19,depth_threshold,100.0,0.2535013149042872,0.40446916471506633,0.29278802006074733,0.6538886259662408,success
R01N19,depth_threshold,120.0,,,,,alignment_failed: Cannot align: V junction not found.
R01N19,depth_threshold,140.0,,,,,alignment_failed: Cannot align: V junction not found.
R01N19,depth_threshold,160.0,,,,,alignment_failed: Cannot align: V junction not found.
R01N19,colour_threshold,10.0,,,,,alignment_failed: Cannot align: V junction not found.
R01N19,colour_threshold,14.0,,,,,alignment_failed: Cannot align: V junction not found.
R01N19,colour_threshold,18.0,,,,,alignment_failed: Cannot align: V junction not found.
R01N19,colour_threshold,22.0,,,,,alignment_failed: Cannot align: V junction not found.
R01N19,colour_threshold,26.0,,,,,alignment_failed: Cannot align: V junction not found.
R01N19,dilation_iterations,1.0,,,,,alignment_failed: Cannot align: V junction not found.
R01N19,dilation_iterations,3.0,,,,,alignment_failed: Cannot align: V junction not found.
R01N19,dilation_iterations,5.0,,,,,alignment_failed: Cannot align: V junction not found.
R01N19,dilation_iterations,7.0,0.25576435680286824,0.40734450761771146,0.29605380845050266,0.6527054740495346,success
R01N19,dilation_iterations,9.0,0.25163111097623886,0.40208510122439084,0.2902649910736164,0.6540463795551349,success
R01N19,ground_threshold,0.5,,,,,alignment_failed: Cannot align: V junction not found.
R01N19,ground_threshold,0.6,,,,,alignment_failed: Cannot align: V junction not found.
R01N19,ground_threshold,0.7,,,,,alignment_failed: Cannot align: V junction not found.
R01N19,ground_threshold,0.8,,,,,alignment_failed: Cannot align: V junction not found.
R01N19,ground_threshold,0.9,,,,,alignment_failed: Cannot align: V junction not found.
R01N20,depth_threshold,80.0,0.16255205639783338,0.27964692936245933,0.20811262893783106,0.4261148769175883,success
R01N20,depth_threshold,100.0,0.18481865420267907,0.3119779614325069,0.2257015306122449,0.5050303246521584,success
R01N20,depth_threshold,120.0,0.23699701150119237,0.3831812191907853,0.2911767978340689,0.5601855155190867,success
R01N20,depth_threshold,140.0,,,,,alignment_failed: Cannot align: V junction not found.
R01N20,depth_threshold,160.0,,,,,alignment_failed: Cannot align: V junction not found.
R01N20,colour_threshold,10.0,0.26283970008594376,0.41626771801370505,0.3101374270028325,0.6328219764537995,success
R01N20,colour_threshold,14.0,0.23581288343558282,0.38163201985727585,0.2867235690718692,0.5704602211915805,success
R01N20,colour_threshold,18.0,0.23699701150119237,0.3831812191907853,0.2911767978340689,0.5601855155190867,success
R01N20,colour_threshold,22.0,0.21617959535614203,0.35550603904489403,0.2755318313839391,0.5008919015340706,success
R01N20,colour_threshold,26.0,0.2074459792335755,0.3436111971903729,0.26925411793273707,0.47470567249375667,success
R01N20,dilation_iterations,1.0,0.20246102840383817,0.33674443266171794,0.26791816072558533,0.45315733143061004,success
R01N20,dilation_iterations,3.0,0.2108039343448447,0.3482049047997335,0.27167306461932184,0.4847663217980735,success
R01N20,dilation_iterations,5.0,0.23699701150119237,0.3831812191907853,0.2911767978340689,0.5601855155190867,success
R01N20,dilation_iterations,7.0,0.23334406179594464,0.37839248434237993,0.2834346234495504,0.5690331787370674,success
R01N20,dilation_iterations,9.0,0.23290293092612696,0.377812275539285,0.2797488333790832,0.5817338565822333,success
R01N20,ground_threshold,0.5,0.23699701150119237,0.3831812191907853,0.2911767978340689,0.5601855155190867,success
R01N20,ground_threshold,0.6,0.23699701150119237,0.3831812191907853,0.2911767978340689,0.5601855155190867,success
R01N20,ground_threshold,0.7,0.23699701150119237,0.3831812191907853,0.2911767978340689,0.5601855155190867,success
R01N20,ground_threshold,0.8,0.23699701150119237,0.3831812191907853,0.2911767978340689,0.5601855155190867,success
R01N20,ground_threshold,0.9,0.23699701150119237,0.3831812191907853,0.2911767978340689,0.5601855155190867,success
R01N21,depth_threshold,80.0,0.09692848498818649,0.17672708169162069,0.1350299040661502,0.25568138633427073,success
R01N21,depth_threshold,100.0,0.1444172686422843,0.25238568588469185,0.18749769227928959,0.38595424488865243,success
R01N21,depth_threshold,120.0,0.24074432493709735,0.3880643579801221,0.27452154995743605,0.6617770008360568,success
R01N21,depth_threshold,140.0,,,,,alignment_failed: Cannot align: V junction not found.
R01N21,depth_threshold,160.0,,,,,alignment_failed: Cannot align: V junction not found.
R01N21,colour_threshold,10.0,0.22210071210579857,0.36347366449545293,0.250257909215956,0.6637531352131945,success
R01N21,colour_threshold,14.0,0.23767069787486195,0.3840612826706709,0.26907361102640726,0.6706696055331762,success
R01N21,colour_threshold,18.0,0.24074432493709735,0.3880643579801221,0.27452154995743605,0.6617770008360568,success
R01N21,colour_threshold,22.0,0.23402946685677542,0.3792931581332125,0.27018042152147953,0.6362392642699704,success
R01N21,colour_threshold,26.0,0.23524538650517055,0.3808885085913832,0.2737335460710012,0.6259025613741734,success
R01N21,dilation_iterations,1.0,0.24056893675553864,0.38783646700795016,0.2811986863711002,0.6247624838489018,success
R01N21,dilation_iterations,3.0,0.24529807363501652,0.3939588100686499,0.2818321710375536,0.6542524891692635,success
R01N21,dilation_iterations,5.0,0.24074432493709735,0.3880643579801221,0.27452154995743605,0.6617770008360568,success
R01N21,dilation_iterations,7.0,0.23725294577614797,0.3835156692673147,0.2688441443368267,0.6687694763243901,success
R01N21,dilation_iterations,9.0,0.23275635982166273,0.3776194021912562,0.26220160718506264,0.6745458691191001,success
R01N21,ground_threshold,0.5,0.24396189408797983,0.3922337094848751,0.2787131882202305,0.6617770008360568,success
R01N21,ground_threshold,0.6,0.24252130800512506,0.39036965634737386,0.2768345415235915,0.6617770008360568,success
R01N21,ground_threshold,0.7,0.24074432493709735,0.3880643579801221,0.27452154995743605,0.6617770008360568,success
R01N21,ground_threshold,0.8,0.24074432493709735,0.3880643579801221,0.27452154995743605,0.6617770008360568,success
R01N21,ground_threshold,0.9,0.24074432493709735,0.3880643579801221,0.27452154995743605,0.6617770008360568,success
R01N22,depth_threshold,80.0,0.1712276163143215,0.2923899913718723,0.30831938277895043,0.27802572853767393,success
R01N22,depth_threshold,100.0,0.24504058688197247,0.39362666480719616,0.41982745798006843,0.37050406930953006,success
R01N22,depth_threshold,120.0,0.34928716904276985,0.5177358490566037,0.4793448487897591,0.5628117616172224,success
R01N22,depth_threshold,140.0,0.25484609514118545,0.4061790463833928,0.5312897751378871,0.32876082961407194,success
R01N22,depth_threshold,160.0,,,,,alignment_failed: Cannot align: V junction not found.
R01N22,colour_threshold,10.0,0.4045880693603252,0.5760949821317818,0.5237072437308704,0.6401286426883697,success
R01N22,colour_threshold,14.0,0.38867219917012447,0.5597753010428183,0.5137951840272064,0.6147939091625099,success
R01N22,colour_threshold,18.0,0.34928716904276985,0.5177358490566037,0.4793448487897591,0.5628117616172224,success
R01N22,colour_threshold,22.0,0.34715089766238033,0.5153853191424477,0.48134434634007406,0.5546075085324232,success
R01N22,colour_threshold,26.0,0.34595219419559925,0.5140631230254884,0.4825243277480279,0.5500131268049356,success
R01N22,dilation_iterations,1.0,0.34229183841714755,0.5100110551529297,0.4792243767313019,0.5450249409293778,success
R01N22,dilation_iterations,3.0,0.3465127701375246,0.5146817435710378,0.47933416374136567,0.5556576529272775,success
R01N22,dilation_iterations,5.0,0.34928716904276985,0.5177358490566037,0.4793448487897591,0.5628117616172224,success
R01N22,dilation_iterations,7.0,0.3519327187449458,0.5206364397655222,0.47824175824175824,0.5712785508007351,success
R01N22,dilation_iterations,9.0,0.3528441547992598,0.5216331142763686,0.47686619909748273,0.5756760304541875,success
R01N22,ground_threshold,0.5,0.3470906910384186,0.5153189660465402,0.4840812089052947,0.5508663691257548,success
R01N22,ground_threshold,0.6,0.34817863757974893,0.5165170666178177,0.4828747573923964,0.5551982147545288,success
R01N22,ground_threshold,0.7,0.34928716904276985,0.5177358490566037,0.4793448487897591,0.5628117616172224,success
R01N22,ground_threshold,0.8,0.3425030587678099,0.5102454799353227,0.4621119335427872,0.5695720661590968,success
R01N22,ground_threshold,0.9,0.29988250742967726,0.4613994045087197,0.3877569258266309,0.5695720661590968,success
R01N23,depth_threshold,80.0,0.0325220609165955,0.06299538217658006,0.04581606737067237,0.10078659119311917,success
R01N23,depth_threshold,100.0,0.189808254041704,0.31905687894992707,0.2469428453173797,0.4506626381926801,success
R01N23,depth_threshold,120.0,0.24149368418143122,0.3890373140974263,0.2878463413830593,0.5999450662638193,success
R01N23,depth_threshold,140.0,,,,,alignment_failed: Cannot align: V junction not found.
R01N23,depth_threshold,160.0,,,,,alignment_failed: Cannot align: V junction not found.
R01N23,colour_threshold,10.0,0.24379062053342682,0.3920123154311485,0.28645668293301224,0.6207512188422715,success
R01N23,colour_threshold,14.0,0.24350392087215497,0.391641581156204,0.28796691223988624,0.6119618210533544,success
R01N23,colour_threshold,18.0,0.24149368418143122,0.3890373140974263,0.2878463413830593,0.5999450662638193,success
R01N23,colour_threshold,22.0,0.23763540179696027,0.38401519777461157,0.2863020165913536,0.5829842752180182,success
R01N23,colour_threshold,26.0,0.23825464949928468,0.3848233472745338,0.28999791042696943,0.5717915264711941,success
R01N23,dilation_iterations,1.0,0.2462223541635743,0.39514995593034613,0.3025240735337029,0.569525509853739,success
R01N23,dilation_iterations,3.0,0.24632616230771434,0.39528362599981615,0.29708067023665574,0.590468996772643,success
R01N23,dilation_iterations,5.0,0.24149368418143122,0.3890373140974263,0.2878463413830593,0.5999450662638193,success
R01N23,dilation_iterations,7.0,0.2349404030145919,0.38048864939730354,0.2777918220312204,0.6036530934560187,success
R01N23,dilation_iterations,9.0,0.034380087396110016,0.06647476650997121,0.03982235013894402,0.20100187852222917,success
R01N23,ground_threshold,0.5,0.24149368418143122,0.3890373140974263,0.2878463413830593,0.5999450662638193,success
R01N23,ground_threshold,0.6,0.24149368418143122,0.3890373140974263,0.2878463413830593,0.5999450662638193,success
R01N23,ground_threshold,0.7,0.24149368418143122,0.3890373140974263,0.2878463413830593,0.5999450662638193,success
R01N23,ground_threshold,0.8,0.24149368418143122,0.3890373140974263,0.2878463413830593,0.5999450662638193,success
R01N23,ground_threshold,0.9,0.24149368418143122,0.3890373140974263,0.2878463413830593,0.5999450662638193,success
R01N24,depth_threshold,80.0,0.23120598351258395,0.3755764455480667,0.274741314995621,0.5933450087565674,success
R01N24,depth_threshold,100.0,0.30029431602182843,0.4618866856859925,0.34810576444665575,0.6861646234676007,success
R01N24,depth_threshold,120.0,0.2811679888992791,0.43892446788472406,0.330567081604426,0.6529597197898424,success
R01N24,depth_threshold,140.0,,,,,alignment_failed: Cannot align: V junction not found.
R01N24,depth_threshold,160.0,,,,,alignment_failed: Cannot align: V junction not found.
R01N24,colour_threshold,10.0,0.28284528542821485,0.44096554532497795,0.3256482224004277,0.6827320490367775,success
R01N24,colour_threshold,14.0,0.28150499985163646,0.4393350004630916,0.3281222979282676,0.6645884413309983,success
R01N24,colour_threshold,18.0,0.2811679888992791,0.43892446788472406,0.330567081604426,0.6529597197898424,success
R01N24,colour_threshold,22.0,0.2822610181906971,0.44025516519089786,0.3334174568266215,0.64784588441331,success
R01N24,colour_threshold,26.0,0.2844832892226257,0.4429536633283818,0.3365983323016422,0.6475656742556918,success
R01N24,dilation_iterations,1.0,0.28489765812281026,0.4434557979334099,0.33668688482911413,0.6493870402802101,success
R01N24,dilation_iterations,3.0,0.2828368880640156,0.44095533999003866,0.3333333333333333,0.6512084063047285,success
R01N24,dilation_iterations,5.0,0.2811679888992791,0.43892446788472406,0.330567081604426,0.6529597197898424,success
R01N24,dilation_iterations,7.0,0.28011498038745997,0.43764034431137727,0.32851072795589426,0.6553415061295972,success
R01N24,dilation_iterations,9.0,0.27960477366745035,0.43701739696715974,0.32711256571846387,0.6581436077057793,success
R01N24,ground_threshold,0.5,0.2811679888992791,0.43892446788472406,0.330567081604426,0.6529597197898424,success
R01N24,ground_threshold,0.6,0.2811679888992791,0.43892446788472406,0.330567081604426,0.6529597197898424,success
R01N24,ground_threshold,0.7,0.2811679888992791,0.43892446788472406,0.330567081604426,0.6529597197898424,success
R01N24,ground_threshold,0.8,0.2811679888992791,0.43892446788472406,0.330567081604426,0.6529597197898424,success
R01N24,ground_threshold,0.9,0.2811679888992791,0.43892446788472406,0.330567081604426,0.6529597197898424,success
R01N25,depth_threshold,80.0,0.12093839770188318,0.21578063156695806,0.16968964127367997,0.2962470680218921,success
R01N25,depth_threshold,100.0,0.16564495939917193,0.2842116856655102,0.21935566133968037,0.40351837372947613,success
R01N25,depth_threshold,120.0,0.026045438088341782,0.05076858611031471,0.031422331422331425,0.13210145759210376,success
R01N25,depth_threshold,140.0,,,,,alignment_failed: Cannot align: V junction not found.
R01N25,depth_threshold,160.0,,,,,alignment_failed: Cannot align: V junction not found.
R01N25,colour_threshold,10.0,0.03928745164354051,0.07560459155243508,0.04455653635981505,0.24937509189825025,success
R01N25,colour_threshold,14.0,0.02656187380326847,0.05174919209664476,0.03190351393271648,0.13692184092734994,success
R01N25,colour_threshold,18.0,0.026045438088341782,0.05076858611031471,0.031422331422331425,0.13210145759210376,success
R01N25,colour_threshold,22.0,0.025490287201412772,0.04971336641515419,0.03088748732965424,0.12730648717651155,success
R01N25,colour_threshold,26.0,0.16246549188575557,0.2795188210227273,0.19432786075793113,0.4977078722731584,success
R01N25,dilation_iterations,1.0,0.19225572683166492,0.32250753341746724,0.23919770773638968,0.4948624723363895,success
R01N25,dilation_iterations,3.0,0.03685672635255934,0.07109319043955753,0.042127766599597584,0.22754287654949906,success
R01N25,dilation_iterations,5.0,0.026045438088341782,0.05076858611031471,0.031422331422331425,0.13210145759210376,success
R01N25,dilation_iterations,7.0,0.14331426149607968,0.250699683057476,0.164023088863019,0.5316405942929014,success
R01N25,dilation_iterations,9.0,0.13770884995325014,0.2420810033408965,0.15664015536853787,0.5325839163587768,success
R01N25,ground_threshold,0.5,0.18623197262283062,0.3139891301548051,0.232891368308433,0.4817420170723996,success
R01N25,ground_threshold,0.6,0.18586687586747933,0.3134700524146354,0.23114446529080676,0.48687954473601014,success
R01N25,ground_threshold,0.7,0.026045438088341782,0.05076858611031471,0.031422331422331425,0.13210145759210376,success
R01N25,ground_threshold,0.8,0.026045438088341782,0.05076858611031471,0.031422331422331425,0.13210145759210376,success
R01N25,ground_threshold,0.9,0.026045438088341782,0.05076858611031471,0.031422331422331425,0.13210145759210376,success
R01N26,depth_threshold,80.0,0.05167289078576328,0.09826799043408943,0.09186369487162116,0.10563215704603879,success
R01N26,depth_threshold,100.0,0.19989308331277242,0.33318482470269717,0.2974544119446824,0.3786710290566332,success
R01N26,depth_threshold,120.0,0.2873217049399757,0.4463867949051209,0.38290874630692906,0.5350938692841006,success
R01N26,depth_threshold,140.0,,,,,alignment_failed: Cannot align: V junction not found.
R01N26,depth_threshold,160.0,,,,,alignment_failed: Cannot align: V junction not found.
R01N26,colour_threshold,10.0,0.2879652799499531,0.44716310980237395,0.3663450059689614,0.5737321804159851,success
R01N26,colour_threshold,14.0,0.291512763687105,0.45142838984397343,0.38122584800343495,0.5533224273584171,success
R01N26,colour_threshold,18.0,0.2873217049399757,0.4463867949051209,0.38290874630692906,0.5350938692841006,success
R01N26,colour_threshold,22.0,0.26099573021597644,0.4139518064367665,0.35809350472073714,0.49045727194827454,success
R01N26,colour_threshold,26.0,0.26216024383115527,0.4154151505127357,0.36100730178807566,0.48913297499415753,success
R01N26,dilation_iterations,1.0,0.26134611377370287,0.414392387497522,0.35980262780423433,0.4885097764275142,success
R01N26,dilation_iterations,3.0,0.2601179916663229,0.41284704033525405,0.35607386909131983,0.4911583703357482,success
R01N26,dilation_iterations,5.0,0.2873217049399757,0.4463867949051209,0.38290874630692906,0.5350938692841006,success
R01N26,dilation_iterations,7.0,0.2865275930851064,0.4454278238961207,0.38047676856859064,0.5371192646256914,success
R01N26,dilation_iterations,9.0,0.28577331515226645,0.4445158594980236,0.3783369803063457,0.53875516086313,success
R01N26,ground_threshold,0.5,0.2873217049399757,0.4463867949051209,0.38290874630692906,0.5350938692841006,success
R01N26,ground_threshold,0.6,0.2873217049399757,0.4463867949051209,0.38290874630692906,0.5350938692841006,success
R01N26,ground_threshold,0.7,0.2873217049399757,0.4463867949051209,0.38290874630692906,0.5350938692841006,success
R01N26,ground_threshold,0.8,0.2873217049399757,0.4463867949051209,0.38290874630692906,0.5350938692841006,success
R01N26,ground_threshold,0.9,0.2873217049399757,0.4463867949051209,0.38290874630692906,0.5350938692841006,success
R01N27,depth_threshold,80.0,0.0871361400266355,0.16030400760019,0.12578468298807283,0.220935841775205,success
R01N27,depth_threshold,100.0,,,,,alignment_failed: Cannot align: V junction not found.
R01N27,depth_threshold,120.0,,,,,alignment_failed: Cannot align: V junction not found.
R01N27,depth_threshold,140.0,,,,,alignment_failed: Cannot align: V junction not found.
R01N27,depth_threshold,160.0,,,,,alignment_failed: Cannot align: V junction not found.
R01N27,colour_threshold,10.0,0.1282896745435672,0.22740556337265938,0.18721318779238139,0.28957342705533734,success
R01N27,colour_threshold,14.0,0.11862895788502921,0.2120970622990464,0.1763872383216016,0.2659361863413962,success
R01N27,colour_threshold,18.0,,,,,alignment_failed: Cannot align: V junction not found.
R01N27,colour_threshold,22.0,,,,,alignment_failed: Cannot align: V junction not found.
R01N27,colour_threshold,26.0,,,,,alignment_failed: Cannot align: V junction not found.
R01N27,dilation_iterations,1.0,,,,,alignment_failed: Cannot align: V junction not found.
R01N27,dilation_iterations,3.0,,,,,alignment_failed: Cannot align: V junction not found.
R01N27,dilation_iterations,5.0,,,,,alignment_failed: Cannot align: V junction not found.
R01N27,dilation_iterations,7.0,,,,,alignment_failed: Cannot align: V junction not found.
R01N27,dilation_iterations,9.0,,,,,alignment_failed: Cannot align: V junction not found.
R01N27,ground_threshold,0.5,,,,,alignment_failed: Cannot align: V junction not found.
R01N27,ground_threshold,0.6,,,,,alignment_failed: Cannot align: V junction not found.
R01N27,ground_threshold,0.7,,,,,alignment_failed: Cannot align: V junction not found.
R01N27,ground_threshold,0.8,,,,,alignment_failed: Cannot align: V junction not found.
R01N27,ground_threshold,0.9,,,,,alignment_failed: Cannot align: V junction not found.
R01N28,depth_threshold,80.0,,,,,alignment_failed: Cannot align: V junction not found.
R01N28,depth_threshold,100.0,0.16038901899557637,0.27644008409250176,0.22322317790855592,0.36297386823702615,success
R01N28,depth_threshold,120.0,0.183415419587043,0.30997638961142904,0.21284312917319265,0.5701877070298123,success
R01N28,depth_threshold,140.0,0.20227707138701903,0.33648994262805004,0.3171542120007818,0.3583364004416636,success
R01N28,depth_threshold,160.0,,,,,alignment_failed: Cannot align: V junction not found.
R01N28,colour_threshold,10.0,0.18894262727210215,0.3178330441488336,0.215306255713726,0.6067721751932278,success
R01N28,colour_threshold,14.0,0.188634551339181,0.3173970521497208,0.21681582919991374,0.59205005520795,success
R01N28,colour_threshold,18.0,0.183415419587043,0.30997638961142904,0.21284312917319265,0.5701877070298123,success
R01N28,colour_threshold,22.0,0.18520128474486222,0.31252292269448634,0.21607077451891923,0.5645196908354803,success
R01N28,colour_threshold,26.0,0.18656625180331077,0.31446411276196756,0.21836185679125408,0.5616488774383511,success
R01N28,dilation_iterations,1.0,0.18333610431560696,0.30986311268114486,0.21301432237768028,0.5682002208317998,success
R01N28,dilation_iterations,3.0,0.18376577005474887,0.3104765734968832,0.2135841748512934,0.5682738314317262,success
R01N28,dilation_iterations,5.0,0.183415419587043,0.30997638961142904,0.21284312917319265,0.5701877070298123,success
R01N28,dilation_iterations,7.0,0.18309759547383309,0.30952238627533024,0.21220151904267526,0.5717335296282665,success
R01N28,dilation_iterations,9.0,0.18420047732696898,0.31109677939457453,0.21419254572197707,0.5681266102318734,success
R01N28,ground_threshold,0.5,0.21316408086506816,0.3514183847465509,0.2707296684049202,0.5006256900993743,success
R01N28,ground_threshold,0.6,0.20886723214822836,0.34555859666583727,0.26100357075737646,0.511152005888848,success
R01N28,ground_threshold,0.7,0.183415419587043,0.30997638961142904,0.21284312917319265,0.5701877070298123,success
R01N28,ground_threshold,0.8,0.1753073340837361,0.29831743408698264,0.2002420147729851,0.584688995215311,success
R01N28,ground_threshold,0.9,0.1622784962889957,0.279242017824695,0.1825339366515837,0.5938903202061097,success
R01N29,depth_threshold,80.0,0.1607739420935412,0.2770116320901787,0.21935238818725666,0.37579306979014154,success
R01N29,depth_threshold,100.0,0.22561197065446356,0.3681621525514135,0.2895767294424762,0.5052871319342769,success
R01N29,depth_threshold,120.0,0.22533990736590467,0.3677998341706092,0.2626427974366119,0.613388644867415,success
R01N29,depth_threshold,140.0,,,,,alignment_failed: Cannot align: V junction not found.
R01N29,depth_threshold,160.0,,,,,alignment_failed: Cannot align: V junction not found.
R01N29,colour_threshold,10.0,0.2642374517374517,0.4180187058598969,0.3144099429837155,0.6234748657881893,success
R01N29,colour_threshold,14.0,0.2668492958241141,0.4212802528346871,0.319552508726921,0.6180250528713194,success
R01N29,colour_threshold,18.0,0.22533990736590467,0.3677998341706092,0.2626427974366119,0.613388644867415,success
R01N29,colour_threshold,22.0,0.26803346378945103,0.42275455884018576,0.32425506037703067,0.6072067675288759,success
R01N29,colour_threshold,26.0,0.2705865304495888,0.42592381386861317,0.3279041180086048,0.6075321294940621,success
R01N29,dilation_iterations,1.0,0.2713169845594914,0.4268282227874146,0.32900127758932113,0.6074507890027656,success
R01N29,dilation_iterations,3.0,0.27005877898380876,0.42526973310618965,0.32665968769083137,0.6091589393199935,success
R01N29,dilation_iterations,5.0,0.22533990736590467,0.3677998341706092,0.2626427974366119,0.613388644867415,success
R01N29,dilation_iterations,7.0,0.24897132997079904,0.3986822179122718,0.2960347208522391,0.6102977061981454,success
R01N29,dilation_iterations,9.0,0.24596695186467246,0.3948209886250459,0.29126063418406806,0.6126565804457459,success
R01N29,ground_threshold,0.5,0.2826391592059167,0.44071500106218325,0.35150312242823256,0.5906133073043761,success
R01N29,ground_threshold,0.6,0.2749005465293527,0.4312501822635677,0.33613674591989817,0.6014315926468196,success
R01N29,ground_threshold,0.7,0.22533990736590467,0.3677998341706092,0.2626427974366119,0.613388644867415,success
R01N29,ground_threshold,0.8,0.20749333835760234,0.34367616245374705,0.23670474084991402,0.6270538474052383,success
R01N29,ground_threshold,0.9,0.19158429265166269,0.3215622995924616,0.2156193646830351,0.6321782983569221,success
R01N30,depth_threshold,80.0,,,,,alignment_failed: Cannot align: V junction not found.
R01N30,depth_threshold,100.0,,,,,alignment_failed: Cannot align: V junction not found.
R01N30,depth_threshold,120.0,,,,,alignment_failed: Cannot align: V junction not found.
R01N30,depth_threshold,140.0,,,,,alignment_failed: Cannot align: V junction not found.
R01N30,depth_threshold,160.0,,,,,alignment_failed: Cannot align: V junction not found.
R01N30,colour_threshold,10.0,,,,,alignment_failed: Cannot align: V junction not found.
R01N30,colour_threshold,14.0,,,,,alignment_failed: Cannot align: V junction not found.
R01N30,colour_threshold,18.0,,,,,alignment_failed: Cannot align: V junction not found.
R01N30,colour_threshold,22.0,,,,,alignment_failed: Cannot align: V junction not found.
R01N30,colour_threshold,26.0,,,,,alignment_failed: Cannot align: V junction not found.
R01N30,dilation_iterations,1.0,,,,,alignment_failed: Cannot align: V junction not found.
R01N30,dilation_iterations,3.0,,,,,alignment_failed: Cannot align: V junction not found.
R01N30,dilation_iterations,5.0,,,,,alignment_failed: Cannot align: V junction not found.
R01N30,dilation_iterations,7.0,,,,,alignment_failed: Cannot align: V junction not found.
R01N30,dilation_iterations,9.0,,,,,alignment_failed: Cannot align: V junction not found.
R01N30,ground_threshold,0.5,,,,,alignment_failed: Cannot align: V junction not found.
R01N30,ground_threshold,0.6,,,,,alignment_failed: Cannot align: V junction not found.
R01N30,ground_threshold,0.7,,,,,alignment_failed: Cannot align: V junction not found.
R01N30,ground_threshold,0.8,,,,,alignment_failed: Cannot align: V junction not found.
R01N30,ground_threshold,0.9,,,,,alignment_failed: Cannot align: V junction not found.
R01N31,depth_threshold,80.0,0.03256940705990925,0.06308419915838082,0.05400752407064975,0.07582811101163832,success
R01N31,depth_threshold,100.0,0.19969228277593326,0.33290583867701656,0.2637715263664563,0.45115257958287597,success
R01N31,depth_threshold,120.0,0.24690947128185622,0.39603431839847475,0.3373173108151997,0.47950138504155126,success
R01N31,depth_threshold,140.0,,,,,alignment_failed: Cannot align: V junction not found.
R01N31,depth_threshold,160.0,,,,,alignment_failed: Cannot align: V junction not found.
R01N31,colour_threshold,10.0,0.2547633537755723,0.4060739469462374,0.3421565545425967,0.49935768030831346,success
R01N31,colour_threshold,14.0,0.24601045050134163,0.3948770259548906,0.3341645885286783,0.4825484764542936,success
R01N31,colour_threshold,18.0,0.24690947128185622,0.39603431839847475,0.3373173108151997,0.47950138504155126,success
R01N31,colour_threshold,22.0,0.2566235059760956,0.40843340070542544,0.357772686245921,0.4758079409048938,success
R01N31,colour_threshold,26.0,0.2559631188614953,0.4075965528247686,0.3588590698327947,0.4716528162511542,success
R01N31,dilation_iterations,1.0,0.2541585493780908,0.4053052933444856,0.3563773902080269,0.4698060941828255,success
R01N31,dilation_iterations,3.0,0.24686975293835453,0.395983224962487,0.33942352087593164,0.47516158818097876,success
R01N31,dilation_iterations,5.0,0.24690947128185622,0.39603431839847475,0.3373173108151997,0.47950138504155126,success
R01N31,dilation_iterations,7.0,0.2460074433504499,0.39487315210404933,0.334336385171906,0.4821791320406279,success
R01N31,dilation_iterations,9.0,0.24462277795922177,0.3930874194032089,0.3308721443897514,0.484118190212373,success
R01N31,ground_threshold,0.5,0.24690947128185622,0.39603431839847475,0.3373173108151997,0.47950138504155126,success
R01N31,ground_threshold,0.6,0.24690947128185622,0.39603431839847475,0.3373173108151997,0.47950138504155126,success
R01N31,ground_threshold,0.7,0.24690947128185622,0.39603431839847475,0.3373173108151997,0.47950138504155126,success
R01N31,ground_threshold,0.8,0.24690947128185622,0.39603431839847475,0.3373173108151997,0.47950138504155126,success
R01N31,ground_threshold,0.9,0.24690947128185622,0.39603431839847475,0.3373173108151997,0.47950138504155126,success
R01N32,depth_threshold,80.0,0.05223945879745728,0.0992919593742639,0.059404791511232694,0.3022098515519568,success
R01N32,depth_threshold,100.0,0.019273463950713214,0.03781804320895218,0.021609595967453366,0.15130718954248365,success
R01N32,depth_threshold,120.0,0.013330024950718883,0.026309345667256154,0.014602177491203962,0.1327020721833402,success
R01N32,depth_threshold,140.0,0.06669340379352647,0.1250469976777618,0.08678167976424361,0.22367275892080069,success
R01N32,depth_threshold,160.0,,,,,alignment_failed: Cannot align: V junction not found.
R01N32,colour_threshold,10.0,0.013963676188737794,0.02754275427542754,0.015195153441255339,0.14697406340057637,success
R01N32,colour_threshold,14.0,0.013827943008830381,0.0272786780127443,0.015110256030782893,0.1401125291615205,success
R01N32,colour_threshold,18.0,0.013330024950718883,0.026309345667256154,0.014602177491203962,0.1327020721833402,success
R01N32,colour_threshold,22.0,0.012810417076806255,0.025296771954182576,0.014072106027371868,0.12501715383559764,success
R01N32,colour_threshold,26.0,0.012554026387625114,0.024796753675283282,0.01381154977163236,0.12117469466172637,success
R01N32,dilation_iterations,1.0,0.034544684703099675,0.0667823927064369,0.03721881390593047,0.32468780019212296,success
R01N32,dilation_iterations,3.0,0.013100865442610073,0.02586290445401304,0.014382506929473361,0.12817345958556334,success
R01N32,dilation_iterations,5.0,0.013330024950718883,0.026309345667256154,0.014602177491203962,0.1327020721833402,success
R01N32,dilation_iterations,7.0,0.013303592766669321,0.026257861635220127,0.014514797270870454,0.1375051461506793,success
R01N32,dilation_iterations,9.0,0.01330481392358326,0.02626024023722169,0.014453465373922905,0.1434060655962673,success
R01N32,ground_threshold,0.5,0.040917975819879826,0.07861902046153205,0.044238505972041764,0.35280898876404493,success
R01N32,ground_threshold,0.6,0.040272658707005735,0.07742712138000848,0.0431080442961812,0.3797638217928073,success
R01N32,ground_threshold,0.7,0.013330024950718883,0.026309345667256154,0.014602177491203962,0.1327020721833402,success
R01N32,ground_threshold,0.8,0.013330024950718883,0.026309345667256154,0.014602177491203962,0.1327020721833402,success
R01N32,ground_threshold,0.9,0.013330024950718883,0.026309345667256154,0.014602177491203962,0.1327020721833402,success
R01N33,depth_threshold,80.0,0.04019776006457471,0.07728868799348168,0.04953868344482853,0.17572335920959775,success
R01N33,depth_threshold,100.0,0.03771948422411965,0.07269687964338782,0.044056731202161185,0.20774946921443738,success
R01N33,depth_threshold,120.0,0.03852265103633346,0.074187406500748,0.04229010000775254,0.3018815716657443,success
R01N33,depth_threshold,140.0,,,,,alignment_failed: Cannot align: V junction not found.
R01N33,depth_threshold,160.0,,,,,alignment_failed: Cannot align: V junction not found.
R01N33,colour_threshold,10.0,0.04780484436234311,0.09124761088776115,0.05196876994106828,0.3736842105263158,success
R01N33,colour_threshold,14.0,0.05030726699653114,0.09579533261802575,0.05460000764438329,0.39019393608303743,success
R01N33,colour_threshold,18.0,0.03852265103633346,0.074187406500748,0.04229010000775254,0.3018815716657443,success
R01N33,colour_threshold,22.0,0.03706617555027089,0.07148275862068966,0.04082959111321201,0.28680132816823467,success
R01N33,colour_threshold,26.0,0.03719428115247841,0.07172095301402932,0.041050903119868636,0.28361925843940233,success
R01N33,dilation_iterations,1.0,0.03530036435542047,0.06819347422406932,0.039094024372934286,0.2667404537908135,success
R01N33,dilation_iterations,3.0,0.03689254058718829,0.07115981481802576,0.04067796610169491,0.28389596015495294,success
R01N33,dilation_iterations,5.0,0.03852265103633346,0.074187406500748,0.04229010000775254,0.3018815716657443,success
R01N33,dilation_iterations,7.0,0.038192191892476336,0.0735744155864964,0.04160550874331793,0.3176535694521306,success
R01N33,dilation_iterations,9.0,0.038820686953114796,0.07473991891127385,0.04215863560614119,0.3289983397897067,success
R01N33,ground_threshold,0.5,,,,,alignment_failed: Cannot align: V junction not found.
R01N33,ground_threshold,0.6,0.06426611176452848,0.12077075658826864,0.07593899223148742,0.2948256779192031,success
R01N33,ground_threshold,0.7,0.03852265103633346,0.074187406500748,0.04229010000775254,0.3018815716657443,success
R01N33,ground_threshold,0.8,0.03852265103633346,0.074187406500748,0.04229010000775254,0.3018815716657443,success
R01N33,ground_threshold,0.9,0.03852265103633346,0.074187406500748,0.04229010000775254,0.3018815716657443,success
R01N34,depth_threshold,80.0,0.18140803012106851,0.3071047859772515,0.23006627423537646,0.4617100371747212,success
R01N34,depth_threshold,100.0,0.24858679639590256,0.3981890519961586,0.2981101068200493,0.5994217265592731,success
R01N34,depth_threshold,120.0,0.2697832332201619,0.4249280131633073,0.3084617968720839,0.682693102023957,success
R01N34,depth_threshold,140.0,,,,,alignment_failed: Cannot align: V junction not found.
R01N34,depth_threshold,160.0,,,,,alignment_failed: Cannot align: V junction not found.
R01N34,colour_threshold,10.0,0.26406898754391567,0.41780787306079137,0.30095002365959306,0.6830235439900867,success
R01N34,colour_threshold,14.0,0.2680592948198125,0.4227866881538894,0.30621016748184376,0.682693102023957,success
R01N34,colour_threshold,18.0,0.2697832332201619,0.4249280131633073,0.3084617968720839,0.682693102023957,success
R01N34,colour_threshold,22.0,0.27054278792640607,0.42586962123164135,0.309455158210073,0.682693102023957,success
R01N34,colour_threshold,26.0,0.2710130193814974,0.42645199576850634,0.310070538796338,0.682693102023957,success
R01N34,dilation_iterations,1.0,0.27262230726091113,0.4284418176633745,0.31217890601390147,0.682693102023957,success
R01N34,dilation_iterations,3.0,0.27103968514266974,0.42648500799917427,0.3101054448572179,0.682693102023957,success
R01N34,dilation_iterations,5.0,0.2697832332201619,0.4249280131633073,0.3084617968720839,0.682693102023957,success
R01N34,dilation_iterations,7.0,0.2685732856678583,0.4234257314136394,0.30688105759590034,0.682693102023957,success
R01N34,dilation_iterations,9.0,0.2672185216322835,0.4217402398571064,0.30511353147498615,0.682693102023957,success
R01N34,ground_threshold,0.5,0.2697832332201619,0.4249280131633073,0.3084617968720839,0.682693102023957,success
R01N34,ground_threshold,0.6,0.2697832332201619,0.4249280131633073,0.3084617968720839,0.682693102023957,success
R01N34,ground_threshold,0.7,0.2697832332201619,0.4249280131633073,0.3084617968720839,0.682693102023957,success
R01N34,ground_threshold,0.8,0.2697832332201619,0.4249280131633073,0.3084617968720839,0.682693102023957,success
R01N34,ground_threshold,0.9,0.2697832332201619,0.4249280131633073,0.3084617968720839,0.682693102023957,success
R01N35,depth_threshold,80.0,,,,,alignment_failed: Cannot align: V junction not found.
R01N35,depth_threshold,100.0,,,,,alignment_failed: Cannot align: V junction not found.
R01N35,depth_threshold,120.0,0.03213804833108922,0.06227470905283394,0.04562603752703858,0.09805405405405405,success
R01N35,depth_threshold,140.0,,,,,alignment_failed: Cannot align: V junction not found.
R01N35,depth_threshold,160.0,,,,,alignment_failed: Cannot align: V junction not found.
R01N35,colour_threshold,10.0,0.03777155125359339,0.07279357621234966,0.053995006242197253,0.11167294244217321,success
R01N35,colour_threshold,14.0,0.03164983164983165,0.06135770234986945,0.04496928190150065,0.09654054054054054,success
R01N35,colour_threshold,18.0,0.03213804833108922,0.06227470905283394,0.04562603752703858,0.09805405405405405,success
R01N35,colour_threshold,22.0,0.0331082314290929,0.06409441028902552,0.047606550493386524,0.09805405405405405,success
R01N35,colour_threshold,26.0,0.0331082314290929,0.06409441028902552,0.047606550493386524,0.09805405405405405,success
R01N35,dilation_iterations,1.0,0.03236973590292648,0.06270957928578837,0.046094424963154954,0.09805405405405405,success
R01N35,dilation_iterations,3.0,0.032278728780383646,0.06253878507894918,0.045910103259769186,0.09805405405405405,success
R01N35,dilation_iterations,5.0,0.03213804833108922,0.06227470905283394,0.04562603752703858,0.09805405405405405,success
R01N35,dilation_iterations,7.0,0.03203701741372612,0.0620850160859744,0.04542267628205128,0.09805405405405405,success
R01N35,dilation_iterations,9.0,0.03198166431593794,0.06198107083062835,0.045311485237548084,0.09805405405405405,success
R01N35,ground_threshold,0.5,,,,,alignment_failed: Cannot align: V junction not found.
R01N35,ground_threshold,0.6,,,,,alignment_failed: Cannot align: V junction not found.
R01N35,ground_threshold,0.7,0.03213804833108922,0.06227470905283394,0.04562603752703858,0.09805405405405405,success
R01N35,ground_threshold,0.8,0.04172991728368289,0.08011657645869268,0.055259271414506074,0.14562162162162162,success
R01N35,ground_threshold,0.9,0.04172991728368289,0.08011657645869268,0.055259271414506074,0.14562162162162162,success
R01N36,depth_threshold,80.0,0.30509154752947076,0.4675404543183303,0.4105298683766453,0.5429387609355473,success
R01N36,depth_threshold,100.0,0.2670322026269487,0.4215081543678347,0.33021302433841015,0.5825745402606677,success
R01N36,depth_threshold,120.0,0.3278538812785388,0.4938101788170564,0.42447531776529707,0.5902178380600083,success
R01N36,depth_threshold,140.0,,,,,alignment_failed: Cannot align: V junction not found.
R01N36,depth_threshold,160.0,,,,,alignment_failed: Cannot align: V junction not found.
R01N36,colour_threshold,10.0,0.25353599324466963,0.404513304142809,0.3426533523537803,0.4936292642827785,success
R01N36,colour_threshold,14.0,0.2982805109843964,0.4595008682033298,0.3921887713588283,0.5547061241265927,success
R01N36,colour_threshold,18.0,0.3278538812785388,0.4938101788170564,0.42447531776529707,0.5902178380600083,success
R01N36,colour_threshold,22.0,0.3285946573751452,0.49464997552276385,0.430414410028601,0.5814221126181669,success
R01N36,colour_threshold,26.0,0.12358466050413928,0.2199828190048239,0.16166472416472416,0.34411825511680794,success
R01N36,dilation_iterations,1.0,0.12354092928684389,0.21991353597640673,0.16303915722520373,0.3377251672671127,success
R01N36,dilation_iterations,3.0,0.3325988091331052,0.49917320479893046,0.43633903309140115,0.5831483764899301,success
R01N36,dilation_iterations,5.0,0.3278538812785388,0.4938101788170564,0.42447531776529707,0.5902178380600083,success
R01N36,dilation_iterations,7.0,0.32170421592683474,0.4868021332613245,0.4129774926980127,0.5927661323468968,success
R01N36,dilation_iterations,9.0,0.2643554407120299,0.41816633550950894,0.31935833513982226,0.6055076037813399,success
R01N36,ground_threshold,0.5,0.39073292988568986,0.5619093666212475,0.6038163612318156,0.5254418413481299,success
R01N36,ground_threshold,0.6,0.3337827158198131,0.5005053849639259,0.4344669006414135,0.5902178380600083,success
R01N36,ground_threshold,0.7,0.3278538812785388,0.4938101788170564,0.42447531776529707,0.5902178380600083,success
R01N36,ground_threshold,0.8,0.2626188734455011,0.4159907300115875,0.3211809438604339,0.5902178380600083,success
R01N36,ground_threshold,0.9,0.2480909436439653,0.39755267019185514,0.2997161462681583,0.5902178380600083,success
R01N37,depth_threshold,80.0,0.18991120347628943,0.3192023117716173,0.2763664357197845,0.37775272453964676,success
R01N37,depth_threshold,100.0,0.2292651937601468,0.37301177146138387,0.3017886178861789,0.48823750469748217,success
R01N37,depth_threshold,120.0,0.0384948577267376,0.07413586584531143,0.04467070498775615,0.2177956516274978,success
R01N37,depth_threshold,140.0,,,,,alignment_failed: Cannot align: V junction not found.
R01N37,depth_threshold,160.0,,,,,alignment_failed: Cannot align: V junction not found.
R01N37,colour_threshold,10.0,0.039298657226051074,0.07562534013262653,0.04503552909544843,0.23576724896317708,success
R01N37,colour_threshold,14.0,0.0393651479162168,0.0757484470114059,0.04537534846674632,0.2291064471534498,success
R01N37,colour_threshold,18.0,0.0384948577267376,0.07413586584531143,0.04467070498775615,0.2177956516274978,success
R01N37,colour_threshold,22.0,0.0204259396367754,0.04003414425949637,0.024540840353722986,0.1085899513776337,success
R01N37,colour_threshold,26.0,0.02601510123170813,0.05071095191577119,0.031207417105298313,0.1352164852975226,success
R01N37,dilation_iterations,1.0,0.02661342494478774,0.05184702303346371,0.03191375528329143,0.13811067376707573,success
R01N37,dilation_iterations,3.0,0.039028131838382926,0.07512430249473478,0.04540682414698163,0.21741862510996607,success
R01N37,dilation_iterations,5.0,0.0384948577267376,0.07413586584531143,0.04467070498775615,0.2177956516274978,success
R01N37,dilation_iterations,7.0,0.037809255636996754,0.07286359305745413,0.0436205827650341,0.2210632147794395,success
R01N37,dilation_iterations,9.0,0.03740585244414439,0.07211421133978688,0.04301831857333495,0.22282267186125423,success
R01N37,ground_threshold,0.5,0.21492227284910212,0.3538041529934093,0.27942329471208294,0.48214956783164226,success
R01N37,ground_threshold,0.6,0.037247091125964936,0.07181912862350287,0.04340300542865385,0.20799296217167274,success
R01N37,ground_threshold,0.7,0.0384948577267376,0.07413586584531143,0.04467070498775615,0.2177956516274978,success
R01N37,ground_threshold,0.8,0.040598607201066825,0.078029332194219,0.04654887874963596,0.24104562020862133,success
R01N37,ground_threshold,0.9,0.04158166944839381,0.07984332034263783,0.04737978963185575,0.25361317079301243,success
R01N38,depth_threshold,80.0,0.1576401144039433,0.27234735984440295,0.19873417721518988,0.4325791099607581,success
R01N38,depth_threshold,100.0,0.14344854144603833,0.2509051107181948,0.1876968297291623,0.37830060934326337,success
R01N38,depth_threshold,120.0,0.159325240422513,0.2748585726718886,0.20250881692850273,0.4276404874746107,success
R01N38,depth_threshold,140.0,,,,,alignment_failed: Cannot align: V junction not found.
R01N38,depth_threshold,160.0,,,,,alignment_failed: Cannot align: V junction not found.
R01N38,colour_threshold,10.0,0.1625744275980603,0.2796800337918108,0.20323830717875915,0.44829045362220715,success
R01N38,colour_threshold,14.0,0.16011332150306654,0.2760304851867754,0.20209839673058785,0.4352572782667569,success
R01N38,colour_threshold,18.0,0.159325240422513,0.2748585726718886,0.20250881692850273,0.4276404874746107,success
R01N38,colour_threshold,22.0,0.15816684751388269,0.2731330945163957,0.20250061289531748,0.4194312796208531,success
R01N38,colour_threshold,26.0,0.1585583249602956,0.2737166037208001,0.2044381294663379,0.41401489505754907,success
R01N38,dilation_iterations,1.0,0.16017170836407538,0.2761172457651616,0.20967600316094478,0.4041976980365606,success
R01N38,dilation_iterations,3.0,0.1601492779490508,0.2760839160839161,0.20619202807721235,0.41765402843601895,success
R01N38,dilation_iterations,5.0,0.159325240422513,0.2748585726718886,0.20250881692850273,0.4276404874746107,success
R01N38,dilation_iterations,7.0,0.15881304908766972,0.2740960661647757,0.19955226184962174,0.4375423155044008,success
R01N38,dilation_iterations,9.0,0.24254124254124254,0.3903954802259887,0.28300692531089433,0.6291176957457375,success
R01N38,ground_threshold,0.5,0.159325240422513,0.2748585726718886,0.20250881692850273,0.4276404874746107,success
R01N38,ground_threshold,0.6,0.159325240422513,0.2748585726718886,0.20250881692850273,0.4276404874746107,success
R01N38,ground_threshold,0.7,0.159325240422513,0.2748585726718886,0.20250881692850273,0.4276404874746107,success
R01N38,ground_threshold,0.8,0.159325240422513,0.2748585726718886,0.20250881692850273,0.4276404874746107,success
R01N38,ground_threshold,0.9,0.159325240422513,0.2748585726718886,0.20250881692850273,0.4276404874746107,success
R01N39,depth_threshold,80.0,0.18942216784383517,0.31851124514892226,0.23139372940656952,0.5108361454818148,success
R01N39,depth_threshold,100.0,0.20471376134973276,0.3398546076544794,0.26326032048362386,0.47930644553335844,success
R01N39,depth_threshold,120.0,0.23320798755186722,0.3782135534409337,0.2890317396544797,0.5469890510948905,success
R01N39,depth_threshold,140.0,,,,,alignment_failed: Cannot align: V junction not found.
R01N39,depth_threshold,160.0,,,,,alignment_failed: Cannot align: V junction not found.
R01N39,colour_threshold,10.0,0.23336786914068633,0.37842378576519703,0.2844405326802388,0.5651611922141119,success
R01N39,colour_threshold,14.0,0.2325781200280023,0.3773847941138505,0.28569753351835203,0.5557329683698297,success
R01N39,colour_threshold,18.0,0.23320798755186722,0.3782135534409337,0.2890317396544797,0.5469890510948905,success
R01N39,colour_threshold,22.0,0.2354769383369152,0.3811919608210453,0.2941152178401817,0.5415145985401459,success
R01N39,colour_threshold,26.0,0.23871818274008721,0.3854277527629963,0.3006001787766569,0.5369525547445255,success
R01N39,dilation_iterations,1.0,0.23980569239189928,0.38684399315711054,0.3035946297098311,0.5329987834549879,success
R01N39,dilation_iterations,3.0,0.23575318809776832,0.3815538416059767,0.29506629535724677,0.5397658150851582,success
R01N39,dilation_iterations,5.0,0.23320798755186722,0.3782135534409337,0.2890317396544797,0.5469890510948905,success
R01N39,dilation_iterations,7.0,0.23075702269481035,0.3749838813668601,0.2837294618116536,0.5527676399026764,success
R01N39,dilation_iterations,9.0,0.22779850746268657,0.37106822671326545,0.2781954887218045,0.5570255474452555,success
R01N39,ground_threshold,0.5,0.23320798755186722,0.3782135534409337,0.2890317396544797,0.5469890510948905,success
R01N39,ground_threshold,0.6,0.23320798755186722,0.3782135534409337,0.2890317396544797,0.5469890510948905,success
R01N39,ground_threshold,0.7,0.23320798755186722,0.3782135534409337,0.2890317396544797,0.5469890510948905,success
R01N39,ground_threshold,0.8,0.23320798755186722,0.3782135534409337,0.2890317396544797,0.5469890510948905,success
R01N39,ground_threshold,0.9,0.23320798755186722,0.3782135534409337,0.2890317396544797,0.5469890510948905,success
R01N40,depth_threshold,80.0,0.18196126296855428,0.3078971683243655,0.26013684162189465,0.3771386725251315,success
R01N40,depth_threshold,100.0,0.22698983580922596,0.36999464736318916,0.29976870973071207,0.4831902003861261,success
R01N40,depth_threshold,120.0,0.2057408044001375,0.3412687099073414,0.26532195500387895,0.4781306171360096,success
R01N40,depth_threshold,140.0,0.20535769396950806,0.34074149938549775,0.27684626586228417,0.44297982824046334,success
R01N40,depth_threshold,160.0,,,,,alignment_failed: Cannot align: V junction not found.
R01N40,colour_threshold,10.0,0.2132742136621865,0.3515680317946141,0.2675938803894298,0.5123493775381133,success
R01N40,colour_threshold,14.0,0.2097545874141619,0.34677212981272537,0.26652124159633817,0.49617202583050396,success
R01N40,colour_threshold,18.0,0.2057408044001375,0.3412687099073414,0.26532195500387895,0.4781306171360096,success
R01N40,colour_threshold,22.0,0.20030269515105653,0.3337536372453928,0.26248140661352454,0.4581585779908129,success
R01N40,colour_threshold,26.0,0.17517961721910283,0.2981324976238794,0.22767576898932831,0.43173870991741686,success
R01N40,dilation_iterations,1.0,0.17852003796344487,0.3029563048786824,0.2327465772562168,0.4338218882523622,success
R01N40,dilation_iterations,3.0,0.17870428235574204,0.3032215713997172,0.2294875224519433,0.44676735361952236,success
R01N40,dilation_iterations,5.0,0.2057408044001375,0.3412687099073414,0.26532195500387895,0.4781306171360096,success
R01N40,dilation_iterations,7.0,0.20688686664419728,0.3428438445427042,0.2635514687466457,0.4903801344783969,success
R01N40,dilation_iterations,9.0,0.19941084366126163,0.33251465870118374,0.24902233711142044,0.5002330071233606,success
R01N40,ground_threshold,0.5,0.2057408044001375,0.3412687099073414,0.26532195500387895,0.4781306171360096,success
R01N40,ground_threshold,0.6,0.2057408044001375,0.3412687099073414,0.26532195500387895,0.4781306171360096,success
R01N40,ground_threshold,0.7,0.2057408044001375,0.3412687099073414,0.26532195500387895,0.4781306171360096,success
R01N40,ground_threshold,0.8,0.2057408044001375,0.3412687099073414,0.26532195500387895,0.4781306171360096,success
R01N40,ground_threshold,0.9,0.2057408044001375,0.3412687099073414,0.26532195500387895,0.4781306171360096,success
